Disease;Melanocytic nevi;Melanoma;Benign keratosis-like lesions;basal cell carcinomas;actinic keratosis;Dermatofibroma
Melanocytic nevi;0.9999999999999997;0.2210183264879821;0.09050271044723358;0.10464840368592701;0.10564367519088402;0.0650403614252933
Melanoma;0.2210183264879821;1.0000000000000002;0.1529502529067616;0.32693223163896323;0.23754064921487628;0.08135389152106691
Benign keratosis-like lesions;0.09050271044723358;0.1529502529067616;1.0000000000000004;0.19225368626418776;0.3236618873424252;0.08802049710190407
basal cell carcinomas;0.10464840368592701;0.32693223163896323;0.19225368626418776;1.0000000000000002;0.3377864474813249;0.09702667630420615
actinic keratosis;0.10564367519088402;0.23754064921487628;0.3236618873424252;0.3377864474813249;0.999999999999999;0.14207719510975708
Dermatofibroma;0.0650403614252933;0.08135389152106691;0.08802049710190407;0.09702667630420615;0.14207719510975708;0.9999999999999997
